Frequency_MHz,Amplitude_dBm
850,-72.570
855,-72.436
860,-72.443
865,-75.215
870,-73.825
875,-74.069
880,-72.906
885,-75.035
890,-73.422
895,-73.047
900,-72.601
905,-73.131
910,-74.210
915,-74.461
920,-73.172
925,-72.921
930,-74.871
935,-74.986
940,-75.593
945,-74.129
950,-74.014
955,-71.967
960,-71.014
965,-74.213
970,-73.309
975,-74.190
980,-72.464
985,-72.507
990,-75.201
995,-72.361
1000,-73.293
1005,-72.546
1010,-72.702
1015,-73.166
1020,-71.202
1025,-70.488
1030,-72.902
1035,-74.421
1040,-75.085
1045,-72.342
1050,-72.887
1055,-71.496
1060,-72.096
1065,-72.491
1070,-72.483
1075,-73.949
1080,-73.664
1085,-72.469
1090,-71.599
1095,-72.933
1100,-73.015
1105,-74.630
1110,-75.566
1115,-75.155
1120,-75.112
1125,-73.306
1130,-70.445
1135,-72.333
1140,-70.235
1145,-72.443
1150,-72.786
1155,-75.453
1160,-75.453
1165,-75.607
1170,-74.618
1175,-76.595
1180,-75.721
1185,-73.937
1190,-74.169
1195,-73.834
1200,-73.391
1205,-72.056
1210,-74.979
1215,-72.270
1220,-73.564
1225,-73.934
1230,-72.057
1235,-74.578
1240,-74.668
1245,-71.783
1250,-74.176
1255,-73.257
1260,-72.839
1265,-71.788
1270,-71.495
1275,-72.048
1280,-71.590
1285,-73.897
1290,-74.379
1295,-74.568
1300,-73.878
1305,-71.227
1310,-71.145
1315,-72.398
1320,-71.586
1325,-70.334
1330,-72.328
1335,-72.805
1340,-71.515
1345,-72.455
1350,-74.142
1355,-73.563
1360,-69.762
1365,-70.991
1370,-70.179
1375,-71.704
1380,-72.522
1385,-71.161
1390,-70.419
1395,-70.094
1400,-71.590
1405,-70.797
1410,-68.961
1415,-70.285
1420,-71.191
1425,-72.278
1430,-72.660
1435,-70.093
1440,-70.288
1445,-68.385
1450,-70.361
1455,-72.728
1460,-69.932
1465,-71.094
1470,-69.993
1475,-71.139
1480,-72.263
1485,-70.045
1490,-70.305
1495,-70.424
1500,-69.962
1505,-72.025
1510,-70.904
1515,-72.155
1520,-71.845
1525,-73.338
1530,-73.066
1535,-70.080
1540,-69.262
1545,-67.780
1550,-69.297
1555,-71.589
1560,-69.857
1565,-69.318
1570,-70.459
1575,-70.118
1580,-70.105
1585,-70.678
1590,-72.295
1595,-70.572
1600,-69.400
1605,-68.093
1610,-69.802
1615,-72.009
1620,-71.445
1625,-72.055
1630,-71.575
1635,-72.960
1640,-71.046
1645,-71.073
1650,-69.798
1655,-70.547
1660,-68.745
1665,-69.652
1670,-68.814
1675,-69.086
1680,-70.621
1685,-70.250
1690,-72.561
1695,-69.164
1700,-69.768
1705,-69.318
1710,-2.655
1715,-4.716
1720,-4.463
1725,-4.216
1730,-3.408
1735,-0.778
1740,-2.727
1745,-1.733
1750,-4.279
1755,-1.131
1760,-0.029
1765,-1.083
1770,-0.176
1775,-0.053
1780,0.076
1785,-1.825
1790,-71.568
1795,-70.033
1800,-66.361
1805,-71.022
1810,-69.982
1815,-70.474
1820,-69.640
1825,-73.389
1830,-71.973
1835,-69.725
1840,-70.525
1845,-69.093
1850,-70.038
1855,-72.488
1860,-71.173
1865,-71.004
1870,-70.516
1875,-70.541
1880,-69.754
1885,-59.466
1890,-71.149
1895,-70.203
1900,-68.918
1905,-68.393
1910,-70.207
1915,-68.486
1920,-3.521
1925,-2.060
1930,-4.316
1935,-2.779
1940,-4.569
1945,-2.761
1950,-0.876
1955,0.040
1960,0.502
1965,-2.614
1970,0.686
1975,0.099
1980,-1.206
1985,-69.291
1990,-69.534
1995,-70.060
2000,-69.955
2005,-68.725
2010,-69.963
2015,-69.717
2020,-68.281
2025,-70.248
2030,-69.718
2035,-69.722
2040,-68.231
2045,-68.795
2050,-68.266
2055,-67.050
2060,-69.341
2065,-69.128
2070,-67.179
2075,-65.405
2080,-64.586
2085,-67.266
2090,-70.828
2095,-71.085
2100,-69.759
2105,-70.143
2110,-70.542
2115,-70.170
2120,-69.509
2125,-69.937
2130,-71.100
2135,-70.155
2140,-69.525
2145,-70.536
2150,-69.583
2155,-71.328
2160,-71.381
2165,-71.012
2170,-68.765
2175,-69.435
2180,-72.052
2185,-71.112
2190,-69.269
2195,-71.201
2200,-70.390
2205,-73.458
2210,-69.495
2215,-70.543
2220,-70.287
2225,-70.051
2230,-71.830
2235,-69.336
2240,-69.070
2245,-67.222
2250,-69.064
2255,-69.812
2260,-68.332
2265,-70.602
2270,-69.279
2275,-68.059
2280,-70.236
2285,-67.998
2290,-68.476
2295,-68.036
2300,-66.811
2305,-69.540
2310,-68.621
2315,-66.559
2320,-67.541
2325,-66.445
2330,-67.851
2335,-69.632
2340,-69.023
2345,-67.245
2350,-68.914
2355,-66.461
2360,-69.169
2365,-69.941
2370,-70.316
2375,-67.664
2380,-68.757
2385,-68.753
2390,-69.507
2395,-69.251
2400,-70.012
2405,-69.541
2410,-66.873
2415,-67.003
2420,-68.751
2425,-67.685
2430,-68.808
2435,-68.921
2440,-68.826
2445,-70.620
2450,-70.109
2455,-68.929
2460,-69.649
2465,-68.411
2470,-67.940
2475,-68.077
2480,-66.831
2485,-66.485
2490,-66.577
2495,-68.179
2500,-4.609
2505,-4.434
2510,-5.617
2515,-1.770
2520,-1.418
2525,-1.356
2530,0.679
2535,-2.702
2540,-1.848
2545,-0.909
2550,-2.084
2555,3.174
2560,3.037
2565,1.548
2570,4.040
2575,-67.462
2580,-69.081
2585,-66.489
2590,-68.199
2595,-65.341
2600,-71.432
2605,-71.636
2610,-70.269
2615,-70.541
2620,-71.279
2625,-71.416
2630,-70.728
2635,-69.895
2640,-71.376
2645,-71.116
2650,-69.250
2655,-69.341
2660,-71.474
2665,-70.103
2670,-73.102
2675,-71.039
2680,-71.967
2685,-69.599
2690,-71.673
2695,-68.805
2700,-68.504
2705,-68.879
2710,-70.637
2715,-73.036
2720,-68.428
2725,-69.423
2730,-72.333
